{
  "summary": {
    "total_jobs_found": 5,
    "total_evaluated": 5
  },
  "jobs": [
    {
      "id": "mock_job_0",
      "title": "Senior Python Developer",
      "company": "TechCorp Inc",
      "location": "San Francisco, CA",
      "evaluations": [
        {
          "provider": "mock",
          "relevance": "highly_relevant",
          "score": 35,
          "reasoning": "Evaluated based on 4 skill matches and role fit."
        }
      ]
    },
    {
      "id": "mock_job_1",
      "title": "Full Stack Engineer",
      "company": "DataSoft Solutions",
      "location": "New York, NY",
      "evaluations": [
        {
          "provider": "mock",
          "relevance": "somewhat_relevant",
          "score": 64,
          "reasoning": "Evaluated based on 0 skill matches and role fit."
        }
      ]
    },
    {
      "id": "mock_job_2",
      "title": "DevOps Engineer",
      "company": "CloudServices Ltd",
      "location": "Remote",
      "evaluations": [
        {
          "provider": "mock",
          "relevance": "highly_relevant",
          "score": 71,
          "reasoning": "Evaluated based on 2 skill matches and role fit."
        }
      ]
    },
    {
      "id": "mock_job_3",
      "title": "ML Engineer - AI Team",
      "company": "AI Systems Corp",
      "location": "Austin, TX",
      "evaluations": [
        {
          "provider": "mock",
          "relevance": "highly_relevant",
          "score": 38,
          "reasoning": "Evaluated based on 1 skill matches and role fit."
        }
      ]
    },
    {
      "id": "mock_job_4",
      "title": "Junior Backend Developer",
      "company": "StartupXYZ",
      "location": "Remote",
      "evaluations": [
        {
          "provider": "mock",
          "relevance": "not_relevant",
          "score": 23,
          "reasoning": "Evaluated based on 1 skill matches and role fit."
        }
      ]
    }
  ]
}